23,178,297,37,1099
34,139,107,29,860
37,156,234,25,961
38,174,163,37,1074
43,156,327,32,963
53,157,141,28,969
56,191,288,8,1150
69,188,158,33,1160
76,145,111,25,893
77,172,351,32,1059
80,151,114,30,930
81,175,213,35,1081
87,182,149,42,1125
100,165,131,30,1017
114,102,179,8,617
118,177,135,39,1094
120,185,325,41,1142
133,187,138,14,1136
140,195,158,41,1203
141,245,312,14,1477
142,182,663,33,1120
149,149,191,30,918
157,184,310,37,1134
171,210,171,38,1294
173,180,166,38,1113
177,189,583,25,1153
180,147,154,32,910
185,244,658,26,1487
186,177,171,32,1090
193,186,250,36,1147
210,176,154,35,1085
216,152,242,31,938
217,160,160,31,988
235,206,479,39,1271
251,212,196,39,1308
257,166,419,20,1010
262,206,168,19,1252
263,185,160,32,1140
265,275,210,24,1668
280,170,357,35,1051
299,158,493,30,976
300,193,189,38,1195
314,150,134,28,925
317,178,158,34,1100
326,213,418,41,1315
353,196,191,40,1209
355,189,174,37,1169
356,231,695,43,1425
364,169,662,32,1044
372,209,194,40,1290
387,197,163,40,1213
393,202,171,41,1246
401,147,349,26,905
402,174,124,30,1070
416,230,174,44,1419
428,186,180,17,1131
432,213,174,17,1292
433,186,360,16,1131
439,201,186,40,1243
453,251,460,44,1545
459,224,192,47,1387
466,158,126,30,975
474,192,141,30,1178
479,189,144,8,1138
496,164,134,22,1006
501,153,121,16,933
532,207,177,37,1275
542,230,195,44,1420
544,205,175,37,1264
550,222,300,41,1366
555,187,193,21,1141
560,207,197,37,1273
568,230,200,37,1414
580,233,195,43,1435
588,132,151,25,816
597,131,453,16,800
612,202,214,39,1248
614,264,267,49,1627
625,234,268,17,1419
633,167,117,20,1020
634,241,203,42,1485
637,238,223,41,1464
638,188,129,33,1157
640,227,171,25,1383
649,137,97,26,845
651,228,1238,44,1408
653,169,394,37,1049
654,258,246,46,1591
656,150,164,16,915
673,231,407,42,1423
675,243,181,12,1469
676,221,199,38,1358
677,234,260,44,1445
690,245,281,45,1510
696,259,420,40,1589
698,236,253,41,1451
707,151,141,3,909
710,250,220,34,1530
717,162,168,34,1000
719,153,174,25,941
721,224,231,45,1385
727,131,124,28,809
731,183,155,32,1127
739,194,173,24,1183
740,140,240,29,865
741,224,165,41,1382
746,170,158,35,1052
755,188,244,7,1132
761,151,700,29,932
783,205,251,34,1261
786,195,202,36,1200
795,220,188,47,1363
798,194,194,22,1182
803,225,311,15,1362
814,218,286,42,1348
827,184,281,37,1136
828,248,213,42,1527
836,139,124,17,846
857,179,181,33,1104
864,137,273,32,850
865,220,222,42,1359
870,121,104,24,747
887,112,94,25,693
888,180,161,34,1113
906,159,1194,34,983
909,165,208,39,1023
912,128,109,28,793
922,166,206,40,1029
935,112,203,26,692
945,164,267,33,1011
947,80,115,18,495
955,105,86,21,648
958,211,282,42,1303
989,230,302,41,1416
999,143,128,27,883
1008,217,325,35,1333
1023,202,200,39,1248
1028,181,179,8,1090
1037,166,125,25,1020
1040,188,237,36,1161
1041,279,299,47,1719
1044,151,214,13,910
1051,184,153,39,1138
1063,164,119,8,990
1070,152,245,21,928
1073,130,108,8,784
1074,147,137,27,908
1079,287,560,5,1718
1081,223,186,36,1370
1082,154,161,32,950
1085,150,133,33,925
1088,143,109,29,881
1093,81,65,19,502
1100,192,184,35,1185
1123,220,198,17,1333
1131,201,258,42,1244
1133,192,169,16,1165
1152,265,266,25,1608
1158,161,158,13,976
1160,122,109,26,754
1162,172,201,32,1060
1173,230,294,28,1404
1184,239,279,42,1472
1202,132,109,28,818
1204,97,94,20,600
1208,218,285,40,1347
1211,198,177,16,1201
1220,192,204,37,1186
1224,191,257,8,1145
1235,185,174,7,1111
1239,121,102,24,748
1253,247,323,47,1525
1261,273,272,27,1660
1266,165,233,28,1018
1267,206,213,42,1272
1269,149,127,26,918
1271,192,371,34,1184
1278,211,201,36,1298
1287,239,221,46,1478
1291,150,388,31,926
1312,183,138,14,1106
1315,280,283,44,1719
1319,148,117,25,911
1331,255,201,45,1572
1333,146,156,29,901
1337,183,184,34,1130
1343,178,182,33,1097
1351,190,166,22,1154
1378,164,171,28,1011
1383,207,172,31,1272
1388,190,161,35,1171
1393,139,156,13,839
1406,213,182,44,1318
1408,123,95,6,737
1411,211,164,29,1294
1412,182,205,24,1114
1416,158,138,28,975
1420,110,92,8,664
1448,137,118,26,846
1455,192,516,35,1183
1467,152,132,32,940
1479,202,172,33,1240
1482,210,393,39,1298
1487,194,226,34,1195
1489,227,207,39,1400
1492,135,147,13,819
1494,214,315,41,1321
1497,277,380,45,1702
1500,188,180,31,1158
1505,200,493,37,1234
1523,178,172,36,1100
1535,226,195,46,1400
1545,230,198,46,1420
1563,253,374,46,1559
1568,220,184,43,1357
1574,286,268,47,1759
1576,206,215,39,1271
1578,193,146,37,1193
1581,231,197,46,1425
1594,210,571,8,1265
1599,250,325,45,1541
1605,181,292,22,1104
1609,213,228,39,1313
1625,257,361,46,1584
1627,194,481,40,1200
1642,202,276,35,1245
1645,219,1780,31,1344
1649,214,273,37,1317
1663,194,692,37,1198
1676,172,1872,36,1065
1682,212,825,39,1309
1691,186,572,32,1146
1694,236,473,43,1455
1696,219,217,40,1347
1698,199,251,38,1226
1704,201,248,8,1210
1705,184,177,19,1118
1736,215,397,40,1325
1748,191,348,40,1181
1766,150,259,28,925
1767,239,858,30,1458
1785,219,322,44,1356
1812,172,147,30,1059
1826,197,192,41,1218
1828,245,185,33,1501
1842,126,111,25,778
1844,226,213,14,1366
1849,221,550,43,1367
1852,227,205,41,1398
1855,195,176,40,1206
1867,273,264,48,1681
1869,197,324,14,1190
1896,296,238,52,1824
1899,202,176,42,1250
1901,216,229,39,1331
1905,210,170,16,1275
1910,245,650,38,1505
1912,170,172,33,1050
1952,199,216,35,1224
1956,168,150,21,1022
1958,169,167,34,1045
1960,263,212,50,1622
1986,214,178,43,1324
1987,215,209,37,1322
1989,206,158,36,1269
1995,254,187,50,1568
2005,149,111,26,918
2018,203,164,40,1255
2022,154,122,28,950
2023,199,1029,37,1229
2026,239,459,15,1448
2033,198,205,20,1205
2037,197,179,42,1218
2039,359,408,6,2148
2041,133,273,7,800
2045,143,105,10,868
2050,212,217,41,1311
2055,174,187,36,1076
2060,236,281,46,1457
2063,128,97,7,769
2064,177,366,19,1079
2065,140,424,26,865
2071,201,385,38,1238
2080,120,102,8,725
2082,181,459,38,1119
2085,235,1458,43,1451
2087,196,2444,31,1204
2102,117,366,7,701
2108,197,335,26,1201
2112,197,1154,32,1210
2116,233,975,46,1443
2124,188,489,31,1154
2126,288,311,29,1750
2130,224,315,10,1354
2133,216,510,45,1335
2134,228,304,45,1411
2136,158,346,13,960
2140,140,307,7,843
2148,143,938,20,876
2163,176,1115,37,1090
2168,202,281,30,1241
2177,208,242,9,1253
2184,196,240,39,1213
2201,219,254,43,1352
2216,248,442,12,1498
2227,177,693,32,1090
2228,203,423,40,1253
2233,200,178,42,1237
2237,172,198,28,1058
2239,276,368,55,1704
2250,281,255,53,1730
2269,166,178,27,1021
2278,199,564,33,1224
2282,252,307,35,1545
2305,183,157,38,1133
2306,230,537,14,1390
2312,172,158,18,1047
2344,154,125,8,929
2351,252,533,10,1519
2371,202,430,42,1248
2383,182,229,30,1121
2385,183,155,30,1127
2397,109,128,6,657
2419,168,180,35,1040
2422,124,471,23,764
2427,126,136,24,779
2450,208,207,20,1264
2469,213,233,33,1309
2471,233,527,28,1422
2474,240,853,17,1456
2482,191,980,22,1158
2488,197,275,31,1208
2498,209,232,41,1292
2518,209,180,46,1293
2539,208,188,45,1288
2543,206,390,42,1273
2546,196,389,40,1209
2550,221,188,9,1335
2561,192,166,40,1189
2565,126,102,27,778
2569,191,196,23,1168
2574,156,135,28,961
2585,224,272,20,1359
2591,196,163,22,1193
2595,229,551,47,1417
2608,229,200,50,1415
2612,178,156,13,1074
2613,169,145,37,1047
2640,111,98,21,687
2641,192,299,38,1184
2647,188,205,31,1155
2673,151,139,29,933
2692,122,120,24,754
2702,183,141,13,1108
2708,149,229,29,921
2730,174,289,36,1079
2737,171,405,30,1052
2738,202,387,39,1246
2743,230,331,21,1397
2748,244,492,43,1505
2751,211,280,42,1307
2753,174,287,36,1076
2780,184,253,8,1109
2791,187,204,20,1139
2802,232,296,44,1434
2811,233,530,46,1442
2812,150,188,31,926
2819,219,206,46,1359
2833,182,184,40,1124
2834,151,134,31,931
2836,188,178,41,1165
2842,147,139,27,906
2847,219,341,47,1359
2848,162,147,34,1003
2852,189,184,41,1172
2857,205,198,38,1266
2862,196,190,41,1214
2890,205,302,16,1245
2905,164,145,33,1014
2917,189,202,29,1159
2918,243,217,30,1484
2921,189,232,17,1150
2922,217,163,14,1312
2925,192,347,13,1162
2929,190,3279,37,1169
2932,264,2178,35,1618
2939,177,291,29,1089
2940,164,611,16,995
2963,235,819,45,1450
2991,172,659,38,1067
3004,173,161,17,1050
3006,260,268,52,1605
3007,177,481,30,1088
3008,174,405,38,1079
3026,180,662,29,1105
3027,196,1267,32,1203
3031,202,212,12,1221
3038,182,254,34,1120
3055,185,246,35,1140
3058,282,418,54,1739
3061,217,192,41,1338
3069,208,203,39,1280
3073,168,151,33,1040
3079,180,216,35,1114
3081,201,151,36,1238
3082,243,232,44,1498
3087,233,233,44,1436
3091,224,263,35,1374
3100,167,201,35,1033
3104,159,234,19,968
3122,190,481,35,1174
3128,167,280,32,1032
3131,214,345,13,1294
3134,151,137,33,933
3141,152,134,29,935
3142,173,148,27,1061
3143,180,283,36,1112
3145,184,165,32,1133
3165,289,259,54,1782
3173,187,332,38,1154
3177,191,234,12,1156
3192,199,202,40,1228
3196,205,468,39,1266
3206,233,2510,40,1432
3212,173,362,31,1066
3213,218,453,43,1345
3214,138,252,21,846
3215,269,265,49,1659
3233,191,410,21,1159
3243,239,546,19,1448
3249,198,848,38,1222
3260,192,174,8,1158
3270,187,282,37,1157
3272,129,284,28,794
3275,185,189,23,1126
3282,178,167,12,1076
3285,187,277,39,1160
3314,167,156,31,1030
3328,177,527,30,1089
3340,249,246,38,1526
3341,201,200,37,1240
3348,174,431,30,1071
3349,197,170,39,1219
3354,205,173,38,1266
3364,171,487,19,1039
3377,195,350,23,1190
3378,189,176,36,1163
3386,209,292,23,1271
3387,157,157,30,971
3391,240,213,46,1481
3405,164,521,31,1011
3430,142,139,31,876
3457,264,427,21,1599
3459,174,245,32,1073
3465,214,337,16,1297
3473,166,390,23,1018
3476,220,572,22,1333
3487,181,239,39,1116
3492,183,197,36,1132
3495,125,122,25,771
3496,174,217,32,1072
3514,183,205,36,1130
3524,180,149,37,1114
3540,216,403,29,1321
3549,210,398,35,1292
3589,141,118,8,852
3619,187,183,38,1156
3621,185,205,36,1140
3632,171,134,35,1059
3642,161,155,23,987
3646,152,141,31,941
3652,164,517,36,1016
3672,174,157,32,1072
3680,155,132,15,943
3699,196,203,30,1203
3718,149,290,33,922
3722,112,111,8,680
3736,167,1528,8,1007
3740,165,364,29,1012
3745,227,905,30,1387
3756,241,665,20,1458
3765,173,247,34,1070
3769,175,362,29,1076
3778,173,1341,34,1069
3784,198,1125,35,1218
3792,144,282,31,891
3796,141,164,32,870
3798,127,99,7,766
3811,213,233,9,1279
3815,146,148,32,901
3822,222,187,34,1362
3826,186,172,36,1149
3830,176,136,37,1089
3832,203,690,23,1237
3838,188,146,18,1143
3839,165,151,35,1018
3848,153,119,17,930
3854,187,188,37,1156
3882,166,122,35,1023
3898,202,140,18,1224
3899,151,108,30,931
3901,176,133,36,1089
3911,160,102,30,988
3914,226,187,45,1398
3918,210,281,13,1271
3921,209,167,42,1291
3929,202,133,38,1248
3933,183,123,37,1129
3949,249,205,47,1536
3967,225,174,39,1388
3970,177,124,26,1086
3971,197,156,27,1208
3980,225,228,35,1383
3981,150,122,19,911
3990,265,219,47,1636
3991,188,159,39,1160
3996,178,129,25,1088
3998,259,208,46,1599
4019,184,150,33,1134
4032,149,195,34,923
4039,184,138,34,1133
4040,169,125,37,1047
4041,262,258,46,1618
4042,139,98,29,857
4051,150,123,30,927
4052,253,194,46,1561
4066,250,186,45,1542
4077,269,244,46,1657
4079,218,159,43,1346
4082,124,84,24,766
4095,151,109,27,931
4111,215,160,44,1328
4116,201,143,31,1236
4123,218,162,41,1344
4141,190,176,34,1170
4153,217,169,42,1339
4167,166,117,24,1018
4170,139,103,27,859
4174,182,258,28,1119
4178,127,94,11,770
4184,187,135,30,1148
4185,188,156,35,1159
4193,200,132,40,1236
4211,188,151,29,1153
4213,143,104,26,884
4229,110,82,27,680
4250,191,143,32,1174
4255,166,115,9,1004
4269,182,286,37,1124
4289,227,174,43,1402
4292,247,205,41,1521
4305,207,144,17,1254
4319,261,191,47,1609
4323,215,156,43,1327
4329,229,190,48,1416
4331,146,114,24,895
4337,31,23,2,187
4341,186,136,41,1152
4342,199,178,38,1228
4355,264,207,20,1595
4368,199,161,40,1227
4375,217,175,40,1337
4388,233,177,48,1439
4391,151,126,35,937
4397,185,135,41,1146
4404,195,135,17,1180
4414,196,153,40,1211
4415,210,163,11,1267
4418,229,263,22,1393
4429,164,122,33,1015
4433,164,113,32,1010
4435,255,200,22,1549
4452,154,107,35,956
4460,163,119,36,1009
4465,229,175,44,1413
4468,141,100,28,872
4477,254,194,49,1567
4480,235,171,43,1447
4485,200,189,20,1217
4494,240,195,45,1479
4495,195,161,42,1206
4501,158,120,34,978
4508,192,135,9,1155
4514,248,177,49,1531
4520,170,124,33,1049
4538,174,121,33,1076
4547,153,110,28,944
4551,153,106,7,923
4553,202,203,14,1224
4556,169,121,35,1043
4560,126,88,7,761
4566,168,145,33,1035
4570,209,165,41,1292
4589,172,182,33,1061
4591,234,171,25,1424
4593,167,120,39,1033
4610,188,136,38,1159
4613,247,170,21,1496
4617,181,198,36,1118
4621,202,144,42,1251
4635,229,164,41,1409
4637,144,103,17,878
4640,240,194,19,1453
4658,162,130,31,1000
4659,206,163,26,1258
4673,211,162,14,1278
4677,160,168,15,972
4680,199,164,36,1227
4686,217,172,24,1323
4692,217,179,38,1335
4702,183,135,22,1117
4717,240,174,25,1462
4723,165,147,35,1022
4731,264,304,47,1626
4753,169,121,33,1044
4757,170,137,34,1050
4774,154,122,31,951
4779,172,133,16,1042
4792,156,121,28,963
4808,140,98,26,862
4813,151,108,28,931
4817,254,207,26,1545
4833,186,167,38,1147
4836,215,149,36,1323
4847,149,118,33,920
4863,199,240,20,1211
4875,134,110,28,829
4881,146,117,29,901
4885,220,234,21,1334
4889,135,96,32,836
4903,219,206,39,1348
4930,173,123,33,1066
4942,170,125,29,1047
4945,214,151,41,1320
4947,162,205,32,1000
4950,190,141,36,1171
4959,241,171,22,1463
4999,158,118,32,979
5009,191,155,34,1173
5016,164,125,37,1014
5021,192,137,38,1187
5025,178,151,32,1099
5030,226,239,40,1394
5036,207,158,37,1277
5038,179,134,38,1103
5043,184,127,18,1116
5048,193,143,33,1190
5049,139,98,31,862
5050,161,116,36,1000
5055,252,181,45,1551
5063,179,142,33,1106
5068,207,154,39,1278
5073,235,172,42,1446
5080,147,123,33,912
5088,198,365,33,1218
5094,207,171,40,1280
5102,203,166,41,1253
5105,95,69,4,567
5112,168,128,8,1014
5122,136,96,19,831
5124,134,172,25,827
5131,142,105,19,870
5133,141,103,16,859
5137,229,198,48,1417
5143,208,170,41,1284
5144,245,264,43,1506
5149,199,161,40,1231
5153,203,157,38,1251
5165,240,302,43,1477
5183,229,168,42,1413
5199,175,134,35,1080
5200,219,265,42,1352
5208,183,127,12,1108
5209,211,170,39,1301
5211,156,137,8,939
5213,211,168,13,1273
5222,205,150,43,1265
5236,175,169,37,1082
5239,211,168,41,1302
5246,218,163,42,1347
5250,208,178,41,1286
5278,282,204,51,1737
5280,201,139,36,1242
5283,185,133,35,1145
5293,229,170,36,1407
5320,131,101,26,807
5323,174,352,34,1077
5352,157,138,27,964
5353,118,88,8,715
5360,261,369,48,1608
5379,168,139,23,1026
5383,278,218,27,1687
5394,162,134,30,997
5398,181,130,24,1107
5400,231,168,47,1426
5420,191,139,39,1182
5436,190,136,35,1174
5457,178,129,29,1094
5486,190,139,39,1174
5489,56,50,3,338
5492,163,115,35,1007
5498,197,140,39,1219
5520,191,143,31,1172
5537,136,99,19,832
5545,155,229,35,960
5557,193,138,40,1193
5563,168,120,37,1040
5564,235,200,44,1452
5566,180,133,35,1110
5569,200,138,9,1204
5573,163,311,39,1008
5579,133,140,28,821
5589,191,259,35,1180
5591,202,182,35,1244
5609,139,114,14,845
5618,129,97,5,772
5627,183,179,36,1130
5654,172,150,32,1059
5670,257,395,49,1584
5673,209,168,20,1271
5674,164,193,29,1008
5681,172,127,31,1058
5692,171,224,35,1056
5698,211,154,16,1281
5702,184,176,33,1132
5704,172,132,29,1057
5706,251,237,27,1528
5714,190,153,33,1172
5723,232,194,44,1432
5726,242,181,37,1482
5747,281,216,49,1730
5749,199,146,33,1225
5751,165,115,36,1019
5752,170,251,36,1048
5761,187,147,33,1154
5762,231,187,33,1418
5766,153,179,27,942
5768,162,113,29,1001
5773,153,106,27,943
5781,189,140,38,1165
5786,228,166,35,1402
5791,234,192,43,1444
5796,214,293,32,1315
5797,126,160,26,779
5810,139,155,31,859
5812,238,190,42,1467
5813,220,154,34,1352
5817,175,126,32,1078
5827,186,150,33,1147
5833,205,150,34,1260
5850,198,148,14,1199
5856,203,146,37,1253
5871,157,112,27,967
5883,137,99,32,847
5885,180,131,34,1110
5895,164,144,33,1010
5899,146,104,31,900
5906,137,91,8,825
5909,203,202,38,1252
5910,111,89,17,680
5916,169,112,33,1043
5926,266,229,41,1634
5936,233,167,43,1437
5941,158,113,35,979
5947,203,174,39,1253
5949,224,218,43,1382
5952,140,95,28,865
5953,157,162,18,956
5956,158,119,35,978
5961,142,94,8,856
5963,225,143,37,1381
5967,192,201,37,1185
5968,173,142,31,1068
5973,250,294,5,1503
5974,161,127,24,986
5979,164,157,30,1012
5990,264,227,42,1623
5991,268,311,40,1646
5997,150,113,31,929
6005,173,131,17,1050
6009,197,166,37,1216
6017,150,118,31,927
6029,163,122,42,1012
6042,136,111,16,826
6050,157,798,17,951
6056,244,239,19,1479
6069,226,223,44,1395
6078,170,193,29,1047
6085,175,151,31,1077
6088,215,254,39,1323
6089,218,196,42,1346
6096,223,216,40,1375
6109,168,135,33,1039
6118,203,166,31,1245
6123,154,181,15,935
6129,169,129,29,1040
6137,182,139,40,1129
6150,155,121,30,956
6159,160,131,30,988
6165,163,138,30,1006
6167,185,337,31,1139
6183,179,169,35,1106
6189,187,246,36,1155
6192,166,149,20,1013
6202,216,304,33,1327
6205,187,195,32,1153
6213,149,145,14,904
6215,172,189,32,1059
6228,205,166,36,1265
6229,125,213,5,755
6240,209,245,45,1296
6243,239,226,40,1474
6244,245,220,19,1485
6250,194,179,37,1196
6256,175,158,35,1082
6261,172,235,34,1064
6274,197,186,34,1214
6282,183,153,24,1117
6298,212,172,31,1298
6309,172,420,35,1063
6318,139,129,7,838
6321,185,163,31,1137
6332,223,284,38,1376
6333,169,137,34,1044
6340,158,144,32,978
6344,192,174,37,1187
6356,149,126,30,921
6359,171,319,35,1058
6367,208,197,40,1284
6371,164,142,29,1010
6384,174,151,36,1076
6403,171,243,35,1055
6406,187,841,32,1150
